<?xml version="1.0" encoding="UTF-8"?>
<actions>
        <action>
            <actionName>run.single.deploy</actionName>
            <packagings>
                <packaging>war</packaging>
            </packagings>
            <goals>
                <goal>package</goal>
            </goals>
            <properties>
                <netbeans.deploy.clientUrlPart>${webpagePath}</netbeans.deploy.clientUrlPart>
            </properties>
        </action>
        <action>
            <actionName>run</actionName>
            <packagings>
                <packaging>war</packaging>
                <packaging>ear</packaging>
                <packaging>ejb</packaging>
            </packagings>
            <goals>
                <goal>package</goal>
            </goals>
        </action>
    </actions>
